	wbuser_id	UQ	cnt	locale	weekday	time
0	37bc0ce12ffabce1b1882e66d461ed0e	тапочки женские домашние	1933	Ru	0	10:48:53
819	37bc0ce12ffabce1b1882e66d461ed0e	тапочки женские домашние	2191	Ru	0	10:48:56
202723	37bc0ce12ffabce1b1882e66d461ed0e	тапочки женские домашние	8954	Ru	0	10:50:44
216490	37bc0ce12ffabce1b1882e66d461ed0e	тапочки женские домашние	1651	Ru	0	10:50:53
226768	37bc0ce12ffabce1b1882e66d461ed0e	тапочки женские домашние	13	Ru	0	10:50:59
238139	37bc0ce12ffabce1b1882e66d461ed0e	тапочки женские домашние	4740	Ru	0	10:51:05
332501	37bc0ce12ffabce1b1882e66d461ed0e	тапочки женские домашние	2191	Ru	0	10:52:17
340492	37bc0ce12ffabce1b1882e66d461ed0e	тапочки женские домашние	1651	Ru	0	10:52:23
385294	37bc0ce12ffabce1b1882e66d461ed0e	тапочки женские домашние	8954	Ru	0	10:52:53
415727	37bc0ce12ffabce1b1882e66d461ed0e	тапочки женские домашние	2191	Ru	0	10:53:17
423629	37bc0ce12ffabce1b1882e66d461ed0e	тапочки женские домашние	2191	Ru	0	10:53:23
634720	37bc0ce12ffabce1b1882e66d461ed0e	тапочки женские домашние	8954	Ru	0	10:55:32
699247	37bc0ce12ffabce1b1882e66d461ed0e	тапочки женские домашние	8954	Ru	0	10:56:14
859273	37bc0ce12ffabce1b1882e66d461ed0e	тапочки женские домашние	8954	Ru	0	10:57:53
960383	37bc0ce12ffabce1b1882e66d461ed0e	тапочки женские домашние	8954	Ru	0	10:59:05
1139069	37bc0ce12ffabce1b1882e66d461ed0e	тапочки женские домашние	8954	Ru	0	11:00:44
1180256	37bc0ce12ffabce1b1882e66d461ed0e	видорегистратор	1549	Ru	0	00:28:51
1183774	37bc0ce12ffabce1b1882e66d461ed0e	видеорегистратор	1549	Ru	0	00:28:57
1184006	37bc0ce12ffabce1b1882e66d461ed0e	видеорегистратор	1549	Ru	0	00:29:00
1188040	37bc0ce12ffabce1b1882e66d461ed0e	видеорегистратор	1549	Ru	0	00:29:06
1246348	37bc0ce12ffabce1b1882e66d461ed0e	видеорегистратор	1549	Ru	0	00:30:43
1257848	37bc0ce12ffabce1b1882e66d461ed0e	видеорегистратор	1549	Ru	0	00:31:07
1276202	37bc0ce12ffabce1b1882e66d461ed0e	видеорегистратор	318	Ru	0	00:31:34
1318430	37bc0ce12ffabce1b1882e66d461ed0e	видеорегистратор	1370	Ru	0	00:32:49
1326480	37bc0ce12ffabce1b1882e66d461ed0e	видеорегистратор	1370	Ru	0	00:33:10
1340919	37bc0ce12ffabce1b1882e66d461ed0e	видеорегистратор с радар детектором	120	Ru	0	00:33:32
1341661	37bc0ce12ffabce1b1882e66d461ed0e	видеорегистратор с радар детектором	120	Ru	0	00:33:35
1353747	37bc0ce12ffabce1b1882e66d461ed0e	видеорегистратор с радар детектором	120	Ru	0	00:33:56
1358848	37bc0ce12ffabce1b1882e66d461ed0e	видеорегистратор с радар детектором	120	Ru	0	00:34:11
1374972	37bc0ce12ffabce1b1882e66d461ed0e	видеорегистратор с радар детектором	120	Ru	0	00:34:44
1375228	37bc0ce12ffabce1b1882e66d461ed0e	видеорегистратор с радар детектором	120	Ru	0	00:34:47
1583054	37bc0ce12ffabce1b1882e66d461ed0e	тапочки женские домашние	8954	Ru	0	11:05:08
6508743	37bc0ce12ffabce1b1882e66d461ed0e	тапочки женские домашние	10838	Ru	0	10:28:38
6987344	37bc0ce12ffabce1b1882e66d461ed0e	тапочки женские домашние	8945	Ru	0	10:33:32
6999330	37bc0ce12ffabce1b1882e66d461ed0e	тапочки женские домашние	986	Ru	0	10:33:38
7003337	37bc0ce12ffabce1b1882e66d461ed0e	тапочки женские домашние	986	Ru	0	10:33:41
7057924	37bc0ce12ffabce1b1882e66d461ed0e	тапочки женские домашние	8945	Ru	0	10:34:17
7157402	37bc0ce12ffabce1b1882e66d461ed0e	тапочки женские домашние	8945	Ru	0	10:35:14
7259544	37bc0ce12ffabce1b1882e66d461ed0e	тапочки женские домашние	8945	Ru	0	10:36:26
7358832	37bc0ce12ffabce1b1882e66d461ed0e	тапочки женские домашние	8945	Ru	0	10:37:31
7560160	37bc0ce12ffabce1b1882e66d461ed0e	тапочки женские домашние	8945	Ru	0	10:39:50
7706964	37bc0ce12ffabce1b1882e66d461ed0e	тапочки женские домашние	8945	Ru	0	10:41:20
7800560	37bc0ce12ffabce1b1882e66d461ed0e	тапочки женские домашние	8945	Ru	0	10:42:23
8031993	37bc0ce12ffabce1b1882e66d461ed0e	тапочки женские домашние	8945	Ru	0	10:44:47
8048760	37bc0ce12ffabce1b1882e66d461ed0e	тапочки женские домашние	8945	Ru	0	10:45:02
8119188	37bc0ce12ffabce1b1882e66d461ed0e	тапочки женские домашние	279	Ru	0	10:45:44
8119208	37bc0ce12ffabce1b1882e66d461ed0e	тапочки женские домашние	274	Ru	0	10:45:44
8135850	37bc0ce12ffabce1b1882e66d461ed0e	тапочки женские домашние	448	Ru	0	10:45:50
8135951	37bc0ce12ffabce1b1882e66d461ed0e	тапочки женские домашние	279	Ru	0	10:45:50
8139925	37bc0ce12ffabce1b1882e66d461ed0e	тапочки женские домашние	449	Ru	0	10:45:53
8140021	37bc0ce12ffabce1b1882e66d461ed0e	тапочки женские домашние	491	Ru	0	10:45:53
8146701	37bc0ce12ffabce1b1882e66d461ed0e	тапочки женские домашние	520	Ru	0	10:45:56
8146837	37bc0ce12ffabce1b1882e66d461ed0e	тапочки женские домашние	491	Ru	0	10:45:56
8157243	37bc0ce12ffabce1b1882e66d461ed0e	тапочки женские домашние	522	Ru	0	10:46:02
8171191	37bc0ce12ffabce1b1882e66d461ed0e	тапочки женские домашние	615	Ru	0	10:46:11
8234825	37bc0ce12ffabce1b1882e66d461ed0e	тапочки женские домашние	615	Ru	0	10:46:51
8414306	37bc0ce12ffabce1b1882e66d461ed0e	тапочки женские домашние	615	Ru	0	10:48:35
8427076	37bc0ce12ffabce1b1882e66d461ed0e	тапочки женские домашние	244	Ru	0	10:48:50
8429641	37bc0ce12ffabce1b1882e66d461ed0e	тапочки женские домашние	2191	Ru	0	10:48:50
21777941	37bc0ce12ffabce1b1882e66d461ed0e	зимняя куртка для девочки	6242	Ru	1	22:42:32
21787141	37bc0ce12ffabce1b1882e66d461ed0e	зимняя куртка для девочки	3408	Ru	1	22:42:38
21789331	37bc0ce12ffabce1b1882e66d461ed0e	зимняя куртка для девочки	3289	Ru	1	22:42:41
21796410	37bc0ce12ffabce1b1882e66d461ed0e	зимняя куртка для девочки	63	Ru	1	22:42:50
21800919	37bc0ce12ffabce1b1882e66d461ed0e	зимняя куртка для девочки	277	Ru	1	22:42:53
21800952	37bc0ce12ffabce1b1882e66d461ed0e	зимняя куртка для девочки	276	Ru	1	22:42:53
21832090	37bc0ce12ffabce1b1882e66d461ed0e	зимняя куртка для девочки	277	Ru	1	22:43:11
21838814	37bc0ce12ffabce1b1882e66d461ed0e	зимняя куртка для девочки	277	Ru	1	22:43:18
21944694	37bc0ce12ffabce1b1882e66d461ed0e	зимняя куртка для девочки	6242	Ru	1	22:44:46
21969444	37bc0ce12ffabce1b1882e66d461ed0e	зимняя куртка для девочки	6242	Ru	1	22:45:02
21970942	37bc0ce12ffabce1b1882e66d461ed0e	зимняя куртка для девочки	6242	Ru	1	22:45:05
21975034	37bc0ce12ffabce1b1882e66d461ed0e	зимняя куртка для девочки	6242	Ru	1	22:45:08
22303649	37bc0ce12ffabce1b1882e66d461ed0e	зимняя куртка для девочки	6242	Ru	1	22:49:10
22309258	37bc0ce12ffabce1b1882e66d461ed0e	зимняя куртка для девочки	6242	Ru	1	22:49:13
22447064	37bc0ce12ffabce1b1882e66d461ed0e	Reserved для женщин	3	Ru	1	22:51:14
22463892	37bc0ce12ffabce1b1882e66d461ed0e	Reserved для женщин	2	Ru	1	22:51:26
22487840	37bc0ce12ffabce1b1882e66d461ed0e	zara для женщин	1	Ru	1	22:51:38
22499034	37bc0ce12ffabce1b1882e66d461ed0e	h&m для женщин	14	Ru	1	22:51:47
22507175	37bc0ce12ffabce1b1882e66d461ed0e	h&m для женщин	1	Ru	1	22:51:53
22519566	37bc0ce12ffabce1b1882e66d461ed0e	mohito для женщин	3900	Ru	1	22:52:08
22528875	37bc0ce12ffabce1b1882e66d461ed0e	mohito для женщин	3900	Ru	1	22:52:15
22668062	37bc0ce12ffabce1b1882e66d461ed0e	mohito для женщин	3900	Ru	1	22:54:03
22840668	37bc0ce12ffabce1b1882e66d461ed0e	mohito для женщин	3900	Ru	1	22:56:16
22951494	37bc0ce12ffabce1b1882e66d461ed0e	mohito для женщин	3900	Ru	1	22:57:41
23049782	37bc0ce12ffabce1b1882e66d461ed0e	mohito для женщин	3900	Ru	1	22:59:00
23152057	37bc0ce12ffabce1b1882e66d461ed0e	mohito для женщин	3900	Ru	1	23:00:12
23240470	37bc0ce12ffabce1b1882e66d461ed0e	mohito для женщин	3900	Ru	1	23:01:22
23335496	37bc0ce12ffabce1b1882e66d461ed0e	mohito для женщин	3900	Ru	1	23:02:37
23406480	37bc0ce12ffabce1b1882e66d461ed0e	mohito для женщин	3900	Ru	1	23:03:44
23466200	37bc0ce12ffabce1b1882e66d461ed0e	mohito для женщин	226	Ru	1	23:04:39
23470410	37bc0ce12ffabce1b1882e66d461ed0e	mohito для женщин	386	Ru	1	23:04:43
23470479	37bc0ce12ffabce1b1882e66d461ed0e	mohito для женщин	226	Ru	1	23:04:43
23474924	37bc0ce12ffabce1b1882e66d461ed0e	mohito для женщин	394	Ru	1	23:04:46
23479014	37bc0ce12ffabce1b1882e66d461ed0e	mohito для женщин	499	Ru	1	23:04:49
23479055	37bc0ce12ffabce1b1882e66d461ed0e	mohito для женщин	621	Ru	1	23:04:49
23490911	37bc0ce12ffabce1b1882e66d461ed0e	mohito для женщин	621	Ru	1	23:04:58
23492311	37bc0ce12ffabce1b1882e66d461ed0e	mohito для женщин	640	Ru	1	23:05:01
23497658	37bc0ce12ffabce1b1882e66d461ed0e	mohito для женщин	817	Ru	1	23:05:08
23497713	37bc0ce12ffabce1b1882e66d461ed0e	mohito для женщин	646	Ru	1	23:05:08
23499224	37bc0ce12ffabce1b1882e66d461ed0e	mohito для женщин	823	Ru	1	23:05:11
23551552	37bc0ce12ffabce1b1882e66d461ed0e	mohito для женщин	823	Ru	1	23:05:52
23555368	37bc0ce12ffabce1b1882e66d461ed0e	mohito для женщин	362	Ru	1	23:05:53
23571516	37bc0ce12ffabce1b1882e66d461ed0e	mohito для женщин	316	Ru	1	23:06:14
23604895	37bc0ce12ffabce1b1882e66d461ed0e	mohito для женщин	316	Ru	1	23:06:39
23676074	37bc0ce12ffabce1b1882e66d461ed0e	mohito для женщин	316	Ru	1	23:07:39
43154859	37bc0ce12ffabce1b1882e66d461ed0e	ssd 120	83	Ru	3	14:40:36
43176468	37bc0ce12ffabce1b1882e66d461ed0e	ssd 120	83	Ru	3	14:40:45
43325295	37bc0ce12ffabce1b1882e66d461ed0e	ssd 120	83	Ru	3	14:42:03
43387623	37bc0ce12ffabce1b1882e66d461ed0e	ssd 120	83	Ru	3	14:42:39
43438236	37bc0ce12ffabce1b1882e66d461ed0e	ssd 120 гб	30	Ru	3	14:43:06
44230813	37bc0ce12ffabce1b1882e66d461ed0e	внешний диск	461	Ru	3	14:50:37
44366458	37bc0ce12ffabce1b1882e66d461ed0e	внешний диск	461	Ru	3	14:51:55
44450543	37bc0ce12ffabce1b1882e66d461ed0e	вентилятор	1288	Ru	3	14:52:46
44454694	37bc0ce12ffabce1b1882e66d461ed0e	вентилятор	1288	Ru	3	14:52:49
44574444	37bc0ce12ffabce1b1882e66d461ed0e	лизун	2082	Ru	3	14:53:55
44578745	37bc0ce12ffabce1b1882e66d461ed0e	лизун	2082	Ru	3	14:53:58
44591462	37bc0ce12ffabce1b1882e66d461ed0e	лизун	7	Ru	3	14:54:04
44602537	37bc0ce12ffabce1b1882e66d461ed0e	лизун	7	Ru	3	14:54:10
44609413	37bc0ce12ffabce1b1882e66d461ed0e	лизун	2082	Ru	3	14:54:13
44679704	37bc0ce12ffabce1b1882e66d461ed0e	клей для паззлов	1	Ru	3	14:54:52
44693323	37bc0ce12ffabce1b1882e66d461ed0e	клей для паззлов	205	Ru	3	14:54:58
44699213	37bc0ce12ffabce1b1882e66d461ed0e	клей для паззлов	205	Ru	3	14:55:01
44823987	37bc0ce12ffabce1b1882e66d461ed0e	ботинки папе	41	Ru	3	22:18:31
44841555	37bc0ce12ffabce1b1882e66d461ed0e	ботинки папе	41	Ru	3	22:18:37
44842044	37bc0ce12ffabce1b1882e66d461ed0e	ботинки папе	41	Ru	3	22:18:40
45145079	37bc0ce12ffabce1b1882e66d461ed0e	revcool	393	Ru	3	14:59:25
45156547	37bc0ce12ffabce1b1882e66d461ed0e	revcool	393	Ru	3	14:59:31
45170860	37bc0ce12ffabce1b1882e66d461ed0e	revcol	6398	Ru	3	14:59:40
45234568	37bc0ce12ffabce1b1882e66d461ed0e	коннектор rj-45	278	Ru	3	15:00:16
45360788	37bc0ce12ffabce1b1882e66d461ed0e	коннектор rj-45	278	Ru	3	15:01:20
45422307	37bc0ce12ffabce1b1882e66d461ed0e	соединитель	830	Ru	3	15:01:58
45455272	37bc0ce12ffabce1b1882e66d461ed0e	соединитель	421	Ru	3	15:02:19
45522251	37bc0ce12ffabce1b1882e66d461ed0e	otg	87	Ru	3	15:03:01
45594082	37bc0ce12ffabce1b1882e66d461ed0e	ryzen 3	7123	Ru	3	15:03:43
45701840	37bc0ce12ffabce1b1882e66d461ed0e	зарядное устройство для ноутбука	2323	Ru	3	15:04:52
45708342	37bc0ce12ffabce1b1882e66d461ed0e	зарядное устройство для ноутбука	2323	Ru	3	15:04:58
45791096	37bc0ce12ffabce1b1882e66d461ed0e	зарядное устройство для ноутбука	1066	Ru	3	15:05:41
45806786	37bc0ce12ffabce1b1882e66d461ed0e	зарядное устройство для ноутбука	1066	Ru	3	15:05:52
45815278	37bc0ce12ffabce1b1882e66d461ed0e	зарядное устройство для ноутбука	1066	Ru	3	15:05:58
45862190	37bc0ce12ffabce1b1882e66d461ed0e	зарядное устройство для ноутбука	231	Ru	3	15:06:19
45874964	37bc0ce12ffabce1b1882e66d461ed0e	зарядное устройство для ноутбука универсальное	2323	Ru	3	15:06:25
45886598	37bc0ce12ffabce1b1882e66d461ed0e	зарядное устройство для ноутбука универсальное	2323	Ru	3	15:06:32
45886660	37bc0ce12ffabce1b1882e66d461ed0e	зарядное устройство для ноутбука универсальное	781	Ru	3	15:06:32
45897992	37bc0ce12ffabce1b1882e66d461ed0e	зарядное устройство для ноутбука универсальное	187	Ru	3	15:06:37
45911168	37bc0ce12ffabce1b1882e66d461ed0e	зарядное устройство для ноутбука универсальное	332	Ru	3	15:06:43
45916364	37bc0ce12ffabce1b1882e66d461ed0e	зарядное устройство для ноутбука универсальное	332	Ru	3	15:06:46
46059764	37bc0ce12ffabce1b1882e66d461ed0e	кулер 80	6	Ru	3	15:08:10
46083309	37bc0ce12ffabce1b1882e66d461ed0e	кулер 60	8	Ru	3	15:08:22
46178251	37bc0ce12ffabce1b1882e66d461ed0e	,kjr gbnfybz atx	188	Ru	3	15:09:13
46184565	37bc0ce12ffabce1b1882e66d461ed0e	блок питания atx	188	Ru	3	15:09:16
46196733	37bc0ce12ffabce1b1882e66d461ed0e	блок питания atx	188	Ru	3	15:09:25
46220899	37bc0ce12ffabce1b1882e66d461ed0e	блок питания atx	27	Ru	3	15:09:37
46282859	37bc0ce12ffabce1b1882e66d461ed0e	блок питания atx 550	27	Ru	3	15:10:10
46386704	37bc0ce12ffabce1b1882e66d461ed0e	блок питания atx 550	53	Ru	3	15:11:10
46392473	37bc0ce12ffabce1b1882e66d461ed0e	блок питания atx 550	53	Ru	3	15:11:13
48907421	37bc0ce12ffabce1b1882e66d461ed0e	ботики мужские	30	Ru	3	23:46:54
48915166	37bc0ce12ffabce1b1882e66d461ed0e	ботики мужские	22432	Ru	3	23:47:00
48924833	37bc0ce12ffabce1b1882e66d461ed0e	ботики мужские	17442	Ru	3	23:47:04
48929145	37bc0ce12ffabce1b1882e66d461ed0e	ботики мужские	932	Ru	3	23:47:10
48938353	37bc0ce12ffabce1b1882e66d461ed0e	ботики мужские	852	Ru	3	23:47:20
48946003	37bc0ce12ffabce1b1882e66d461ed0e	ботики мужские	852	Ru	3	23:47:29
48950727	37bc0ce12ffabce1b1882e66d461ed0e	ботики мужские	157	Ru	3	23:47:35
48959009	37bc0ce12ffabce1b1882e66d461ed0e	ботики мужские	157	Ru	3	23:47:45
48988655	37bc0ce12ffabce1b1882e66d461ed0e	ботики мужские	157	Ru	3	23:48:19
49027633	37bc0ce12ffabce1b1882e66d461ed0e	ботинки мужские	22436	Ru	3	23:49:10
49050409	37bc0ce12ffabce1b1882e66d461ed0e	ботинки мужские	22436	Ru	3	23:49:37
49064974	37bc0ce12ffabce1b1882e66d461ed0e	ботинки мужские	21	Ru	3	23:49:55
67527722	37bc0ce12ffabce1b1882e66d461ed0e	вигантол	9	Ru	5	23:46:47
68900272	37bc0ce12ffabce1b1882e66d461ed0e	АДАПТОЛ	0	Ru	6	00:14:58
68914691	37bc0ce12ffabce1b1882e66d461ed0e	АДАПТОЛ	1339	Ru	6	00:15:16
68922005	37bc0ce12ffabce1b1882e66d461ed0e	АДАПТОЛ	711	Ru	6	00:15:23
68965248	37bc0ce12ffabce1b1882e66d461ed0e	АПЛИКАТОР КУЗНЕЦОВА	711	Ru	6	00:16:29
68996409	37bc0ce12ffabce1b1882e66d461ed0e	АПЛИКАТОР КУЗНЕЦОВА	711	Ru	6	00:17:01
69017256	37bc0ce12ffabce1b1882e66d461ed0e	АПЛИКАТОР КУЗНЕЦОВА	711	Ru	6	00:17:35
74984421	37bc0ce12ffabce1b1882e66d461ed0e	Sim Sensitive System 4	141	Ru	5	23:35:28
74997664	37bc0ce12ffabce1b1882e66d461ed0e	Sim Sensitive System 4	141	Ru	5	23:35:43
75213439	37bc0ce12ffabce1b1882e66d461ed0e	Sim Sensitive System 4	141	Ru	5	23:39:25
75223472	37bc0ce12ffabce1b1882e66d461ed0e	Sim Sensitive System 4	141	Ru	5	23:39:40
75228018	37bc0ce12ffabce1b1882e66d461ed0e	Sim Sensitive System 4	4	Ru	5	23:39:43
78632558	37bc0ce12ffabce1b1882e66d461ed0e	зимние сапоги для девочки	2138	Ru	6	15:29:40
78648882	37bc0ce12ffabce1b1882e66d461ed0e	зимние сапоги для девочки	1456	Ru	6	15:29:52
78660035	37bc0ce12ffabce1b1882e66d461ed0e	зимние сапоги для девочки	146	Ru	6	15:29:57
78664072	37bc0ce12ffabce1b1882e66d461ed0e	зимние сапоги для девочки	824	Ru	6	15:29:59
78677908	37bc0ce12ffabce1b1882e66d461ed0e	зимние сапоги для девочки	137	Ru	6	15:30:09
78684043	37bc0ce12ffabce1b1882e66d461ed0e	зимние сапоги для девочки	144	Ru	6	15:30:12
78689817	37bc0ce12ffabce1b1882e66d461ed0e	зимние сапоги для девочки	15	Ru	6	15:30:15
79010332	37bc0ce12ffabce1b1882e66d461ed0e	зимние сапоги для девочки	144	Ru	6	15:33:31
79018686	37bc0ce12ffabce1b1882e66d461ed0e	зимние сапоги для девочки	97	Ru	6	15:33:34
79021269	37bc0ce12ffabce1b1882e66d461ed0e	зимние сапоги для девочки	0	Ru	6	15:33:37
79021274	37bc0ce12ffabce1b1882e66d461ed0e	зимние сапоги для девочки	91	Ru	6	15:33:37
79039065	37bc0ce12ffabce1b1882e66d461ed0e	зимние сапоги для девочки	81	Ru	6	15:33:46
79045854	37bc0ce12ffabce1b1882e66d461ed0e	зимние сапоги для девочки	87	Ru	6	15:33:49
79082343	37bc0ce12ffabce1b1882e66d461ed0e	зимние сапоги для девочки	13	Ru	6	15:34:16
79087054	37bc0ce12ffabce1b1882e66d461ed0e	зимние сапоги для девочки	86	Ru	6	15:34:19
79090755	37bc0ce12ffabce1b1882e66d461ed0e	зимние сапоги для девочки	87	Ru	6	15:34:22
79093244	37bc0ce12ffabce1b1882e66d461ed0e	зимние сапоги для девочки	87	Ru	6	15:34:25
79100103	37bc0ce12ffabce1b1882e66d461ed0e	зимние сапоги для девочки	87	Ru	6	15:34:28
79133393	37bc0ce12ffabce1b1882e66d461ed0e	зимние сапоги для девочки	100	Ru	6	15:34:49
79137228	37bc0ce12ffabce1b1882e66d461ed0e	зимние сапоги для девочки	104	Ru	6	15:34:52
79142421	37bc0ce12ffabce1b1882e66d461ed0e	зимние сапоги для девочки	5	Ru	6	15:34:55
79164487	37bc0ce12ffabce1b1882e66d461ed0e	зимние сапоги для девочки	12495	Ru	6	15:35:06
79167935	37bc0ce12ffabce1b1882e66d461ed0e	зимние сапоги для девочки	9144	Ru	6	15:35:11
79178598	37bc0ce12ffabce1b1882e66d461ed0e	зимние сапоги для девочки	9144	Ru	6	15:35:18
79178673	37bc0ce12ffabce1b1882e66d461ed0e	зимние сапоги для девочки	157	Ru	6	15:35:18
79191019	37bc0ce12ffabce1b1882e66d461ed0e	зимние сапоги для девочки	4115	Ru	6	15:35:24
79229420	37bc0ce12ffabce1b1882e66d461ed0e	зимние сапоги для девочки	1	Ru	6	15:35:52
79243981	37bc0ce12ffabce1b1882e66d461ed0e	зимние сапоги	47162	Ru	6	15:36:01
79262552	37bc0ce12ffabce1b1882e66d461ed0e	зимние сапоги	15976	Ru	6	15:36:12
79262703	37bc0ce12ffabce1b1882e66d461ed0e	зимние сапоги	7886	Ru	6	15:36:12
79275020	37bc0ce12ffabce1b1882e66d461ed0e	зимние сапоги	39	Ru	6	15:36:20
79280850	37bc0ce12ffabce1b1882e66d461ed0e	зимние сапоги	39	Ru	6	15:36:23
79286069	37bc0ce12ffabce1b1882e66d461ed0e	зимние сапоги	67	Ru	6	15:36:26
79290148	37bc0ce12ffabce1b1882e66d461ed0e	зимние сапоги	32	Ru	6	15:36:29
79757091	37bc0ce12ffabce1b1882e66d461ed0e	ботинки мужские демисезон	7044	Ru	6	15:41:41
79766602	37bc0ce12ffabce1b1882e66d461ed0e	ботинки мужские демисезон	2156	Ru	6	15:41:48
80056649	37bc0ce12ffabce1b1882e66d461ed0e	ботинки мужские демисезон	7044	Ru	6	15:44:55
80069112	37bc0ce12ffabce1b1882e66d461ed0e	ботинки мужские демисезон	6	Ru	6	15:45:04
80082092	37bc0ce12ffabce1b1882e66d461ed0e	ботинки мужские демисезон	2155	Ru	6	15:45:10
80084823	37bc0ce12ffabce1b1882e66d461ed0e	ботинки мужские демисезон	6	Ru	6	15:45:13
80084887	37bc0ce12ffabce1b1882e66d461ed0e	ботинки мужские демисезон	26	Ru	6	15:45:13
81816004	37bc0ce12ffabce1b1882e66d461ed0e	;knst ,jnbyrb	0	Ru	6	18:51:21
81842181	37bc0ce12ffabce1b1882e66d461ed0e	;knst ,jnbyrb	2035	Ru	6	18:51:36
81844424	37bc0ce12ffabce1b1882e66d461ed0e	;knst ,jnbyrb	1374	Ru	6	18:51:40
81874486	37bc0ce12ffabce1b1882e66d461ed0e	;knst ,jnbyrb	450	Ru	6	18:51:59
81879203	37bc0ce12ffabce1b1882e66d461ed0e	;knst ,jnbyrb	450	Ru	6	18:52:00
81883359	37bc0ce12ffabce1b1882e66d461ed0e	;knst ,jnbyrb	450	Ru	6	18:52:02
81887168	37bc0ce12ffabce1b1882e66d461ed0e	;knst ,jnbyrb	187	Ru	6	18:52:06
81887237	37bc0ce12ffabce1b1882e66d461ed0e	;knst ,jnbyrb	177	Ru	6	18:52:06
82066736	37bc0ce12ffabce1b1882e66d461ed0e	;knst ,jnbyrb	188	Ru	6	18:53:58
82200356	37bc0ce12ffabce1b1882e66d461ed0e	женки казаки	0	Ru	6	18:55:19
82207249	37bc0ce12ffabce1b1882e66d461ed0e	женки казаки	112	Ru	6	18:55:25
82217610	37bc0ce12ffabce1b1882e66d461ed0e	женские казаки ботинки	221	Ru	6	18:55:31
82540875	37bc0ce12ffabce1b1882e66d461ed0e	женские казаки ботинки	499	Ru	6	18:58:37
82547058	37bc0ce12ffabce1b1882e66d461ed0e	женские казаки ботинки	221	Ru	6	18:58:40
82580856	37bc0ce12ffabce1b1882e66d461ed0e	женские гриндерсы	499	Ru	6	18:58:59
82587187	37bc0ce12ffabce1b1882e66d461ed0e	женские гриндерсы	221	Ru	6	18:59:05
82598035	37bc0ce12ffabce1b1882e66d461ed0e	женские гриндерсы	198	Ru	6	18:59:08
82602227	37bc0ce12ffabce1b1882e66d461ed0e	женские гриндерсы	75	Ru	6	18:59:11
82608159	37bc0ce12ffabce1b1882e66d461ed0e	женские гриндерсы	144	Ru	6	18:59:14
82621153	37bc0ce12ffabce1b1882e66d461ed0e	женские гриндерсы	144	Ru	6	18:59:20
82903882	37bc0ce12ffabce1b1882e66d461ed0e	женские гриндерсы	144	Ru	6	19:02:09
82978275	37bc0ce12ffabce1b1882e66d461ed0e	джины на высокой талии	73	Ru	6	19:02:52
82995063	37bc0ce12ffabce1b1882e66d461ed0e	джины на высокой талии	19	Ru	6	19:03:01
83001673	37bc0ce12ffabce1b1882e66d461ed0e	джины на высокой талии	17	Ru	6	19:03:04
83014844	37bc0ce12ffabce1b1882e66d461ed0e	джины на высокой талии	17	Ru	6	19:03:10
83018542	37bc0ce12ffabce1b1882e66d461ed0e	джины на высокой талии	2	Ru	6	19:03:13
83018646	37bc0ce12ffabce1b1882e66d461ed0e	джины на высокой талии	7	Ru	6	19:03:13
83022692	37bc0ce12ffabce1b1882e66d461ed0e	джины на высокой талии	7	Ru	6	19:03:16
83038865	37bc0ce12ffabce1b1882e66d461ed0e	джины на высокой талии	7	Ru	6	19:03:22
83048944	37bc0ce12ffabce1b1882e66d461ed0e	джины на высокой талии	24	Ru	6	19:03:28
83088755	37bc0ce12ffabce1b1882e66d461ed0e	джины на высокой талии	18792	Ru	6	19:03:53
83102436	37bc0ce12ffabce1b1882e66d461ed0e	джины на высокой талии	18792	Ru	6	19:04:05
83110815	37bc0ce12ffabce1b1882e66d461ed0e	джины на высокой талии	10904	Ru	6	19:04:11
83252844	37bc0ce12ffabce1b1882e66d461ed0e	джины на высокой талии	10847	Ru	6	19:05:22
83333946	37bc0ce12ffabce1b1882e66d461ed0e	джины на высокой талии	10847	Ru	6	19:06:07
83438142	37bc0ce12ffabce1b1882e66d461ed0e	джины на высокой талии	10847	Ru	6	19:07:17
